{"properties": [
  {
    "name": "secondary.datasource.username",
    "type": "java.lang.String",
    "description": "A description for 'secondary.datasource.username'"
  },
  {
    "name": "secondary.jpa.database-platform",
    "type": "java.lang.String",
    "description": "A description for 'secondary.jpa.database-platform'"
  },
  {
    "name": "secondary.datasource.driverClassName",
    "type": "java.lang.String",
    "description": "A description for 'secondary.datasource.driverClassName'"
  },
  {
    "name": "secondary.datasource.password",
    "type": "java.lang.String",
    "description": "A description for 'secondary.datasource.password'"
  },
  {
    "name": "secondary.datasource.url",
    "type": "java.lang.String",
    "description": "A description for 'secondary.datasource.url'"
  },
  {
    "name": "secondary.datasource.driverClassName",
    "type": "java.lang.String",
    "description": "A description for 'secondary.datasource.driverClassName'"
  },
  {
    "name": "secondary.datasource.driverClassName",
    "type": "java.lang.String",
    "description": "A description for 'secondary.datasource.driverClassName'"
  },
  {
    "name": "secondary.datasource.driverClassName",
    "type": "java.lang.String",
    "description": "A description for 'secondary.datasource.driverClassName'"
  },
  {
    "name": "secondary.datasource.driverClassName",
    "type": "java.lang.String",
    "description": "A description for 'secondary.datasource.driverClassName'"
  },
  {
    "name": "secondary.jpa.properties.hibernate.format_sql",
    "type": "java.lang.String",
    "description": "A description for 'secondary.jpa.properties.hibernate.format_sql'"
  },
  {
    "name": "secondary.jpa.properties.javax.cache.provider",
    "type": "java.lang.String",
    "description": "A description for 'secondary.jpa.properties.javax.cache.provider'"
  },
  {
    "name": "secondary.jpa.properties.hibernate.cache.region.factory_class",
    "type": "java.lang.String",
    "description": "A description for 'secondary.jpa.properties.hibernate.cache.region.factory_class'"
  },
  {
    "name": "secondary.jpa.properties.hibernate.cache.use_query_cache",
    "type": "java.lang.String",
    "description": "A description for 'secondary.jpa.properties.hibernate.cache.use_query_cache'"
  },
  {
    "name": "secondary.jpa.properties.hibernate.show_sql",
    "type": "java.lang.String",
    "description": "A description for 'secondary.jpa.properties.hibernate.show_sql'"
  },
  {
    "name": "secondary.jpa.properties.hibernate.cache.use_second_level_cache",
    "type": "java.lang.String",
    "description": "A description for 'secondary.jpa.properties.hibernate.cache.use_second_level_cache'"
  },
  {
    "name": "secondary.jpa.properties.hibernate.jdbc.batch_size",
    "type": "java.lang.String",
    "description": "A description for 'secondary.jpa.properties.hibernate.jdbc.batch_size'"
  },
  {
    "name": "secondary.jpa.properties.hibernate.order_inserts",
    "type": "java.lang.String",
    "description": "A description for 'secondary.jpa.properties.hibernate.order_inserts'"
  },
  {
    "name": "secondary.jpa.properties.hibernate.order_updates",
    "type": "java.lang.String",
    "description": "A description for 'secondary.jpa.properties.hibernate.order_updates'"
  },
  {
    "name": "secondary.jpa.properties.hibernate.batch_versioned_data",
    "type": "java.lang.String",
    "description": "A description for 'secondary.jpa.properties.hibernate.batch_versioned_data'"
  }
]}