{"properties": [
  {
    "name": "secondary.datasource.username",
    "type": "java.lang.String",
    "description": "A description for 'secondary.datasource.username'"
  },
  {
    "name": "secondary.jpa.database-platform",
    "type": "java.lang.String",
    "description": "A description for 'secondary.jpa.database-platform'"
  },
  {
    "name": "secondary.datasource.driverClassName",
    "type": "java.lang.String",
    "description": "A description for 'secondary.datasource.driverClassName'"
  },
  {
    "name": "secondary.datasource.password",
    "type": "java.lang.String",
    "description": "A description for 'secondary.datasource.password'"
  },
  {
    "name": "secondary.datasource.url",
    "type": "java.lang.String",
    "description": "A description for 'secondary.datasource.url'"
  },
  {
    "name": "secondary.datasource.driverClassName",
    "type": "java.lang.String",
    "description": "A description for 'secondary.datasource.driverClassName'"
  },
  {
    "name": "secondary.datasource.driverClassName",
    "type": "java.lang.String",
    "description": "A description for 'secondary.datasource.driverClassName'"
  },
  {
    "name": "secondary.datasource.driverClassName",
    "type": "java.lang.String",
    "description": "A description for 'secondary.datasource.driverClassName'"
  },
  {
    "name": "secondary.datasource.driverClassName",
    "type": "java.lang.String",
    "description": "A description for 'secondary.datasource.driverClassName'"
  }
]}